epoch,class_id,f1,auc,accuracy,precision,recall
199,0,0.8863636363636364,0.5,0.7959183673469388,0.7959183673469388,1.0
199,1,0.0,0.5,0.7959183673469388,0.0,0.0
